"5","sports","1"
"6","International","2"
"7","Football","3"
"8","Cricket","4"
"9","Tv Series","5"
"10","Indoor","7"
"11","Movies","9"
"12","Health","3"
"13","Game","2"
"13","Save World","Professionally redefine customized ROI via visionary platforms. Enthusiastically embrace enterprise-wide solutions through client-centered systems. Objectively deploy cutting-edge metrics before competitive customer service.","466558928Untitled design.png","466558928Untitled design.png","10"
"14","Best Yoga Tips","Professionally redefine customized ROI via visionary platforms. Enthusiastically embrace enterprise-wide solutions through client-centered systems. Objectively deploy cutting-edge metrics before competitive customer service.","1842706487Untitled design (1).png","1842706487Untitled design (1).png","8"
"15","Chess tips","Credibly fabricate customer directed process improvements rather than vertical leadership. Energistically syndicate intuitive e-markets via client-centric sources. Collaboratively aggregate cooperative networks before.","1863682071Untitled design (2).png","old_img","13"
"16","Take Oraganic Foods Every Day","Credibly fabricate customer directed process improvements rather than vertical leadership. Energistically syndicate intuitive e-markets via client-centric sources. Collaboratively aggregate cooperative networks before.","1853681329Untitled design (3).png","old_img","12"
"17","The best twenty plant species you can look at at home","Aenean interdum arcu blandit, vehicula magna non, placerat elit. Mauris et pharetratortor. Suspendissea sodales urna. In at augue elit. Vivamus enim nibh, maximus ac felis nec, maximus tempor odio.","1257677848Untitled design.png","old_img","10"
"18","How do you like the idea of creating a garden from the Amazon forests?","Aenean interdum arcu blandit, vehicula magna non, placerat elit. Mauris et pharetratortor. Suspendissea sodales urna. In at augue elit. Vivamus enim nibh, maximus ac felis nec, maximus tempor odio.","2134256660Untitled design (1).png","old_img","10"
"19","Top 20 cafeterias decorated with quality plants","Aenean interdum arcu blandit, vehicula magna non, placerat elit. Mauris et pharetratortor. Suspendissea sodales urna. In at augue elit. Vivamus enim nibh, maximus ac felis nec, maximus tempor odio.","376116415Untitled design (2).png","old_img","10"
"20","30 beautiful flowers you can look at in offices and workplaces","Aenean interdum arcu blandit, vehicula magna non, placerat elit. Mauris et pharetratortor. Suspendissea sodales urna. In at augue elit. Vivamus enim nibh, maximus ac felis nec, maximus tempor odio.","1955931325Untitled design (3).png","old_img","10"
"21","Enjoy your living room with small garden biblings","Aenean interdum arcu blandit, vehicula magna non, placerat elit. Mauris et pharetratortor. Suspendissea sodales urna. In at augue elit. Vivamus enim nibh, maximus ac felis nec, maximus tempor odio.","872883070Untitled design (4).png","old_img","10"
"22","Why do you prefer small flowers at your workplace?","Aenean interdum arcu blandit, vehicula magna non, placerat elit. Mauris et pharetratortor. Suspendissea sodales urna. In at augue elit. Vivamus enim nibh, maximus ac felis nec, maximus tempor odio.","933904295Untitled design (5).png","old_img","10"
"23","10 special plant species available to live in the window","Aenean interdum arcu blandit, vehicula magna non, placerat elit. Mauris et pharetratortor. Suspendissea sodales urna. In at augue elit. Vivamus enim nibh, maximus ac felis nec, maximus tempor odio.","1197828141Untitled design (6).png","old_img","10"
"24","Selection of high quality soil for vegetable gardening","Aenean interdum arcu blandit, vehicula magna non, placerat elit. Mauris et pharetratortor. Suspendissea sodales urna. In at augue elit. Vivamus enim nibh, maximus ac felis nec, maximus tempor odio.","67445025Untitled design (7).png","old_img","10"
"25","game cat check","Rapidiously restore end-to-end imperatives rather than error-free services. Holisticly deploy team building data and user-centric leadership. Assertively integrate equity invested e-tailers via tactical core competencies. Continually enhance go forward 

""outside the box"" thinking after granular deliverables. Quickly synthesize principle-centered results before cross-platform action items.

Objectively engage accurate bandwidth whereas virtual web services. Objectively disintermediate market positioning value and virtual information. Globally envisioneer wireless imperatives via resource maximizing infomediaries. Authoritatively negotiate business methodologies with cooperative web-readiness. Continually e-enable user friendly ideas without vertical quality vectors.

Rapidiously deliver 24/365 experiences whereas synergistic alignments. Conveniently formulate global niche markets and installed.","1979470041Untitled design (5).png","old_img","13"
"1","rayhan","rayhan@gmail.com","rayhan@gmail.com","0"
"2","rayhan420","rayhan420@gmail.com","5175b11e634c77fbe4a38a368fa43e9d","0"
"3","hello","hello@gmail.com","b59a741183b7e1990156a46faa29b60c","0"
"4","human","human@gmail.com","30c88de253739a1f17454c1c371e3a1b","0"
